,customer_id_num,product_cat_num,review_score,predicted_score
0,593,3,5.0,4.776822744139901
1,593,3,5.0,4.776822744139901
2,593,3,5.0,4.776822744139901
3,593,3,5.0,4.776822744139901
4,814,12,2.0,1.9520520690330176
5,1030,16,2.0,1.906825944993646
6,1111,23,1.0,0.9597043422186224
7,1111,23,1.0,0.9597043422186224
8,1111,23,1.0,0.9597043422186224
9,1111,23,1.0,0.9597043422186224
10,1172,20,4.0,3.941371221297395
11,1262,10,5.0,4.783845700531824
12,1438,10,5.0,4.783845700531824
13,1473,3,1.0,0.9553645567223449
14,1890,14,3.0,2.86078990906661
15,2837,5,5.0,4.799893951344526
16,3105,11,5.0,4.823311402905428
17,3370,6,1.0,0.9532187418564344
18,3393,23,2.0,1.9194086844372449
19,3393,23,2.0,1.9194086844372449
20,3393,23,2.0,1.9194086844372449
21,3393,23,2.0,1.9194086844372449
22,3398,10,5.0,4.783845700531824
23,3596,42,4.0,3.9290038905612006
24,4454,10,5.0,4.783845700531824
25,4954,10,5.0,4.783845700531824
26,5339,3,1.0,0.9553645567223449
27,5363,21,3.0,2.871917287673919
28,5518,6,5.0,4.76609383943388
29,5518,6,5.0,4.76609383943388
30,5518,6,5.0,4.76609383943388
31,5518,6,5.0,4.76609383943388
32,5710,10,4.0,3.8270765166458762
33,5928,16,5.0,4.767064810328004
34,6642,10,3.0,2.8703074892487863
35,6781,21,3.0,0.4565865655363306
36,6823,11,5.0,4.823311402905428
37,7098,6,1.0,0.9532187418564344
38,8801,3,5.0,4.776822744139901
39,9157,3,4.0,3.8214582268893795
40,10521,5,5.0,4.799893951344526
41,10543,3,1.0,0.9553645567223449
42,10596,16,1.0,0.953412972496823
43,10596,16,1.0,0.953412972496823
44,10596,16,1.0,0.953412972496823
45,10596,16,1.0,0.953412972496823
46,10949,3,3.0,2.866093705528183
47,11295,5,1.0,0.9599788014190648
48,11295,5,1.0,0.9599788014190648
49,11295,5,1.0,0.9599788014190648
50,11295,5,1.0,0.9599788014190648
51,11324,16,5.0,4.767064810328004
52,11324,16,5.0,4.767064810328004
53,11324,16,5.0,4.767064810328004
54,11324,16,5.0,4.767064810328004
55,11549,31,5.0,4.795969131566987
56,11570,10,5.0,4.783845700531824
57,11578,16,5.0,4.767064810328004
58,11656,16,5.0,4.767064810328004
59,11984,16,3.0,-0.36668770075723645
60,12063,15,5.0,4.8769079248567575
61,12136,10,1.0,0.9567691291614691
62,12140,10,1.0,0.9567691291614691
63,12338,10,2.0,0.029999514300880048
64,12344,10,4.0,3.8270765166458762
65,12827,23,5.0,4.798521784838342
66,14082,10,1.0,0.9567691291614691
67,14204,10,5.0,4.783845700531824
68,14216,2,1.0,0.9336171311619713
69,14509,15,5.0,4.8769079248567575
70,14509,15,5.0,4.8769079248567575
71,14509,15,5.0,4.8769079248567575
72,14509,15,5.0,4.8769079248567575
73,14523,27,4.0,3.8950781715130876
74,15505,3,1.0,0.9553645567223449
75,15696,4,2.0,1.924291567996868
76,16172,10,1.0,0.9567691291614691
77,16172,10,1.0,0.9567691291614691
78,16172,10,1.0,0.9567691291614691
79,16172,10,1.0,0.9567691291614691
80,16487,3,1.0,-0.19979221684506893
81,17511,13,2.0,1.935928105923408
82,18028,28,5.0,4.896923370162573
83,18596,16,1.0,0.953412972496823
84,18605,23,3.0,2.879113051998507
85,18639,31,4.0,3.8367753056778517
86,18883,23,1.0,0.9597043422186224
87,18883,23,1.0,0.9597043422186224
88,18883,23,1.0,0.9597043422186224
89,18883,23,1.0,0.9597043422186224
90,19073,27,5.0,4.868847634544654
91,19162,50,3.0,2.9445885928444913
92,20053,21,5.0,4.786528823204144
93,20424,10,1.0,0.9567691291614691
94,20471,27,4.0,3.8950781715130876
95,21334,12,1.0,0.9760260345165088
96,21577,27,5.0,4.868847634544654
97,21683,5,3.0,2.8799363010306935
98,21940,6,5.0,4.76609383943388
99,21940,6,5.0,4.76609383943388
100,21940,6,5.0,4.76609383943388
101,21940,6,5.0,4.76609383943388
102,22110,6,3.0,2.859656294906507
103,22286,24,5.0,4.899306500856045
104,22446,4,4.0,3.848583135993736
105,22450,4,5.0,4.810728891449476
106,22486,6,5.0,4.76609383943388
107,22558,2,3.0,2.894759009247085
108,22593,23,4.0,3.8388173688744898
109,22626,6,4.0,3.640603300067434
110,22626,6,4.0,3.640603300067434
111,22626,6,4.0,3.640603300067434
112,22626,6,4.0,3.640603300067434
113,22660,66,5.0,4.943560866775305
114,22692,10,5.0,4.783845700531824
115,22778,48,5.0,4.949050684261174
116,22841,21,5.0,4.786528823204144
117,22843,5,5.0,4.799893951344526
118,22867,17,1.0,0.9584839487145527
119,22900,22,2.0,1.9312706672841842
120,22970,10,1.0,0.9567691291614691
121,22988,54,2.0,1.9666651881559314
122,22994,10,4.0,3.8270765166458762
123,22994,10,4.0,3.8270765166458762
124,22994,10,4.0,3.8270765166458762
125,22994,10,4.0,3.8270765166458762
126,23010,2,5.0,4.824598322411445
127,23053,23,5.0,4.798521784838342
128,23053,23,5.0,4.798521784838342
129,23053,23,5.0,4.798521784838342
130,23053,23,5.0,4.798521784838342
131,23053,23,5.0,4.798521784838342
132,23053,23,5.0,4.798521784838342
133,23053,23,5.0,4.798521784838342
134,23053,23,5.0,4.798521784838342
135,23053,23,5.0,4.798521784838342
136,85,26,5.0,4.950749483425691
137,772,49,5.0,4.923346847604153
138,855,10,3.0,1.1569249294197426
139,1064,15,5.0,4.8769079248567575
140,1229,10,5.0,4.765626394670993
141,1621,10,1.0,0.9567691291614691
142,1673,10,5.0,4.783845700531824
143,1812,5,1.0,0.9599788014190648
144,1985,22,5.0,4.828176567066574
145,2106,3,4.0,3.8214582268893795
146,2483,16,5.0,4.767064810328004
147,2483,16,5.0,4.767064810328004
148,2483,16,5.0,4.767064810328004
149,2483,16,5.0,4.767064810328004
150,2483,16,5.0,4.767064810328004
151,2483,16,5.0,4.767064810328004
152,2483,16,5.0,4.767064810328004
153,2483,16,5.0,4.767064810328004
154,2483,16,5.0,4.767064810328004
155,2605,32,5.0,4.942775066058462
156,3271,22,5.0,4.828176567066574
157,3386,31,5.0,4.795969131566987
158,3547,22,1.0,0.9656353336420921
159,3654,5,4.0,3.839915205676259
160,3750,27,3.0,2.9213085724191403
161,4087,16,4.0,1.4314385897829212
162,4548,23,5.0,4.798521784838342
163,4624,3,3.0,-1.5999728434882379
164,4886,3,5.0,-0.205115168597666
165,5448,17,1.0,0.9584839487145527
166,6136,11,5.0,4.823311402905428
167,6477,10,5.0,4.783845700531824
168,7382,5,4.0,3.839915205676259
169,8848,31,3.0,2.877581469431826
170,9117,6,5.0,4.76609383943388
171,9117,6,5.0,4.76609383943388
172,9117,6,5.0,4.76609383943388
173,9117,6,5.0,4.76609383943388
174,9289,10,5.0,4.783845700531824
175,9299,16,4.0,3.813651889987292
176,9299,16,4.0,3.813651889987292
177,9299,16,4.0,3.813651889987292
178,9299,16,4.0,3.813651889987292
179,9455,10,5.0,4.783845700531824
180,9463,22,5.0,4.828176567066574
181,9513,6,4.0,3.8128749674257376
182,9914,23,5.0,4.798521784838342
183,9982,3,1.0,0.9553645567223449
184,10043,8,1.0,0.9684291197051067
185,10671,16,1.0,0.953412972496823
186,10745,16,5.0,4.767064810328004
187,10747,10,4.0,3.8270765166458762
188,10990,27,1.0,0.9737695428782719
189,10997,22,4.0,0.9656353336420921
190,11092,25,1.0,0.9856281426483269
191,11092,25,1.0,0.9856281426483269
192,11092,25,1.0,0.9856281426483269
193,11092,25,1.0,0.9856281426483269
194,11137,16,5.0,4.767064810328004
195,11412,13,4.0,3.871856211846816
196,11450,31,4.0,3.8367753056778517
197,11450,31,4.0,3.8367753056778517
198,11450,31,4.0,3.8367753056778517
199,11450,31,4.0,3.8367753056778517
200,11674,29,1.0,0.9716006298861881
201,11900,21,5.0,4.786528823204144
202,11900,21,5.0,4.786528823204144
203,11900,21,5.0,4.786528823204144
204,11900,21,5.0,4.786528823204144
205,12079,22,1.0,0.9656353336420921
206,12260,23,5.0,4.798521784838342
207,12355,4,4.0,3.848583135993736
208,12472,31,5.0,4.795969131566987
209,12665,16,5.0,4.767064810328004
210,13088,31,5.0,4.795969131566987
211,13431,6,1.0,0.9532187418564344
212,13675,10,1.0,0.9567691291614691
213,14100,7,4.0,3.866508220142861
214,14442,5,3.0,2.8799363010306935
215,14517,10,1.0,0.9567691291614691
216,14561,10,5.0,4.783845700531824
217,14561,10,5.0,4.783845700531824
218,14561,10,5.0,4.783845700531824
219,14561,10,5.0,4.783845700531824
220,14803,6,5.0,4.76609383943388
221,15309,16,5.0,4.767064810328004
222,15465,20,4.0,3.941371221297395
223,16302,21,5.0,4.786528823204144
224,16323,4,4.0,3.848583135993736
225,16323,4,4.0,3.848583135993736
226,16323,4,4.0,3.848583135993736
227,16323,4,4.0,3.848583135993736
228,16345,16,2.0,1.906825944993646
229,16591,10,3.0,2.8703074892487863
230,16649,6,5.0,4.76609383943388
231,17033,50,3.0,2.9445885928444913
232,17055,16,2.0,4.1655296988209125
233,17468,17,5.0,4.792419752204565
234,17853,22,1.0,0.9656353336420921
235,18283,22,5.0,4.828176567066574
236,18337,50,4.0,3.9261181295458116
237,18974,23,5.0,4.798521784838342
238,19285,16,5.0,4.767064810328004
239,19703,16,5.0,4.767064810328004
240,19831,50,5.0,4.90764757801197
241,20294,3,3.0,2.866093705528183
242,20300,3,4.0,3.8214582268893795
243,20300,3,4.0,3.8214582268893795
244,20300,3,4.0,3.8214582268893795
245,20300,3,4.0,3.8214582268893795
246,20300,3,4.0,3.8214582268893795
247,20300,3,4.0,3.8214582268893795
248,20300,3,4.0,3.8214582268893795
249,20300,3,4.0,3.8214582268893795
250,20300,3,4.0,3.8214582268893795
251,20796,3,2.0,0.4306514289729662
252,21589,6,1.0,0.9532187418564344
253,22054,13,1.0,0.967964052961704
254,22090,13,2.0,1.935928105923408
255,22090,13,2.0,1.935928105923408
256,22090,13,2.0,1.935928105923408
257,22090,13,2.0,1.935928105923408
258,22174,13,4.0,3.871856211846816
259,22235,10,5.0,4.783845700531824
260,22235,10,5.0,4.783845700531824
261,22235,10,5.0,4.783845700531824
262,22235,10,5.0,4.783845700531824
263,22267,4,5.0,4.810728891449476
264,22289,14,5.0,4.7679833660148905
265,22319,4,5.0,4.810728891449476
266,22338,21,5.0,4.786528823204144
267,22370,7,5.0,4.833135176812608
268,22370,7,5.0,4.833135176812608
269,22370,7,5.0,4.833135176812608
270,22370,7,5.0,4.833135176812608
271,22370,7,5.0,4.833135176812608
272,22370,7,5.0,4.833135176812608
273,22370,7,5.0,4.833135176812608
274,22370,7,5.0,4.833135176812608
275,22370,7,5.0,4.833135176812608
276,22441,4,5.0,4.810728891449476
277,22653,10,1.0,0.9567691291614691
278,22723,10,5.0,4.783845700531824
279,22746,3,5.0,4.776822744139901
280,22827,16,5.0,4.767064810328004
281,22837,6,5.0,4.76609383943388
282,22911,42,1.0,0.9822509726403001
283,22951,16,5.0,4.767064810328004
284,22958,5,5.0,4.799893951344526
285,23052,23,1.0,0.9487145591392999
286,23052,23,1.0,0.9487145591392999
287,23052,23,1.0,0.9487145591392999
288,23052,23,1.0,0.9487145591392999
289,101,17,1.0,0.9584839487145527
290,186,16,5.0,4.767064810328004
291,1028,10,5.0,4.783845700531824
292,1062,4,5.0,4.810728891449476
293,1192,10,1.0,0.940087136073107
294,1306,44,4.0,3.9353883438670914
295,1338,6,5.0,4.76609383943388
296,1769,23,3.0,2.879113051998507
297,2587,21,5.0,4.786528823204144
298,3104,4,5.0,4.810728891449476
299,3122,10,2.0,1.9135382583229381
300,3122,10,2.0,1.9135382583229381
301,3122,10,2.0,1.9135382583229381
302,3122,10,2.0,1.9135382583229381
303,3158,10,5.0,4.783845700531824
304,3237,3,4.0,3.8214582268893795
305,3279,5,5.0,4.799893951344526
306,3545,3,5.0,4.776822744139901
307,3832,10,5.0,4.783845700531824
308,5612,8,5.0,4.842145853495196
309,6003,21,5.0,4.786528823204144
310,6130,12,1.0,0.9760260345165088
311,6130,12,1.0,0.9760260345165088
312,6130,12,1.0,0.9760260345165088
313,6130,12,1.0,0.9760260345165088
314,6356,30,1.0,0.9797342946212525
315,6415,3,1.0,0.9553645567223449
316,6415,3,1.0,0.9553645567223449
317,6415,3,1.0,0.9553645567223449
318,6415,3,1.0,0.9553645567223449
319,6415,3,1.0,0.9553645567223449
320,6415,3,1.0,0.9553645567223449
321,6415,3,1.0,0.9553645567223449
322,6415,3,1.0,0.9553645567223449
323,6415,3,1.0,0.9553645567223449
324,6805,31,1.0,0.9591938264194629
325,6817,25,3.0,2.9568843658193864
326,6910,6,5.0,4.76609383943388
327,6970,10,5.0,4.783845700531824
328,7659,21,5.0,4.786528823204144
329,8079,15,5.0,4.8769079248567575
330,8213,3,1.0,0.9553645567223449
331,8511,3,1.0,0.9553645567223449
332,8511,3,1.0,0.9553645567223449
333,8511,3,1.0,0.9553645567223449
334,8511,3,1.0,0.9553645567223449
335,8533,45,1.0,0.9833196566413178
336,8546,2,4.0,3.8596786671750154
337,8557,31,1.0,0.9591938264194629
338,8575,17,1.0,0.9584839487145527
339,8731,37,5.0,4.807807859360483
340,8757,21,5.0,4.786528823204144
341,8819,17,5.0,4.792419752204565
342,9469,7,5.0,4.833135176812608
343,9475,31,4.0,3.8367753056778517
344,9603,23,5.0,4.798521784838342
345,10066,4,1.0,0.962145783998434
346,10353,17,1.0,0.9584839487145527
347,10826,16,2.0,1.906825944993646
348,10895,3,5.0,4.776822744139901
349,11181,5,5.0,4.799893951344526
350,11375,21,4.0,3.8292230650913264
351,11881,3,3.0,2.866093705528183
352,12105,31,5.0,4.795969131566987
353,12321,3,3.0,3.8214582268893795
354,12410,4,4.0,3.848583135993736
355,12618,16,3.0,2.860238910703601
356,12712,10,2.0,1.9135382583229381
357,12722,30,4.0,2.0820621106847588
358,12870,16,5.0,4.767064810328004
359,13126,12,2.0,1.9520520690330176
360,14312,4,2.0,1.924291567996868
361,14374,4,5.0,4.810728891449476
362,14683,11,4.0,3.8586491145607704
363,14789,31,2.0,1.9183876528389259
364,14951,3,5.0,4.776822744139901
365,14951,3,5.0,4.776822744139901
366,14951,3,5.0,4.776822744139901
367,14951,3,5.0,4.776822744139901
368,15060,4,4.0,3.848583135993736
369,15060,4,4.0,3.848583135993736
370,15060,4,4.0,3.848583135993736
371,15060,4,4.0,3.848583135993736
372,16284,16,2.0,1.906825944993646
373,16284,16,2.0,1.906825944993646
374,16284,16,2.0,1.906825944993646
375,16284,16,2.0,1.906825944993646
376,16557,3,1.0,0.9553645567223449
377,17176,42,5.0,4.911254756856266
378,18113,31,5.0,2.877581469431826
379,18139,23,1.0,0.3417249294268234
380,18373,23,1.0,0.9597043422186224
381,18373,23,1.0,0.9597043422186224
382,18373,23,1.0,0.9597043422186224
383,18373,23,1.0,0.9597043422186224
384,19092,14,5.0,4.7679833660148905
385,19092,14,5.0,4.7679833660148905
386,19092,14,5.0,4.7679833660148905
387,19092,14,5.0,4.7679833660148905
388,19691,31,4.0,3.8367753056778517
389,19726,4,2.0,1.924291567996868
390,20779,31,3.0,2.877581469431826
391,21231,17,5.0,0.8776864595120804
392,21844,6,2.0,1.9064374837128688
393,22051,13,1.0,0.967964052961704
394,22084,10,1.0,0.9567691291614691
395,22084,10,1.0,0.9567691291614691
396,22084,10,1.0,0.9567691291614691
397,22084,10,1.0,0.9567691291614691
398,22184,6,4.0,3.8128749674257376
399,22184,6,4.0,3.8128749674257376
400,22184,6,4.0,3.8128749674257376
401,22184,6,4.0,3.8128749674257376
402,22270,50,5.0,4.90764757801197
403,22270,50,5.0,4.90764757801197
404,22270,50,5.0,4.90764757801197
405,22270,50,5.0,4.90764757801197
406,22270,50,5.0,4.90764757801197
407,22270,50,5.0,4.90764757801197
408,22270,50,5.0,4.90764757801197
409,22270,50,5.0,4.90764757801197
410,22270,50,5.0,4.90764757801197
411,22276,4,5.0,4.810728891449476
412,22276,4,5.0,4.810728891449476
413,22276,4,5.0,4.810728891449476
414,22276,4,5.0,4.810728891449476
415,22361,23,4.0,3.8388173688744898
416,22361,23,4.0,3.8388173688744898
417,22361,23,4.0,3.8388173688744898
418,22361,23,4.0,3.8388173688744898
419,22426,34,5.0,4.923803310971509
420,22460,16,1.0,0.93662259932702
421,22474,16,5.0,4.767064810328004
422,22474,16,5.0,4.767064810328004
423,22474,16,5.0,4.767064810328004
424,22474,16,5.0,4.767064810328004
425,22518,16,4.0,3.813651889987292
426,22531,23,3.0,2.879113051998507
427,22666,4,5.0,4.810728891449476
428,22678,10,5.0,4.783845700531824
429,22749,23,1.0,0.9597043422186224
430,22766,10,1.0,0.9567691291614691
431,22785,7,4.0,3.866508220142861
432,22802,2,4.0,3.8596786671750154
433,22912,4,5.0,4.717524241146156
434,22987,37,4.0,3.8462463869177252
435,22987,37,4.0,3.8462463869177252
436,22987,37,4.0,3.8462463869177252
437,22987,37,4.0,3.8462463869177252
438,22987,37,4.0,3.8462463869177252
439,22987,37,4.0,3.8462463869177252
440,22987,37,4.0,3.8462463869177252
441,22987,37,4.0,3.8462463869177252
442,22987,37,4.0,3.8462463869177252
443,23028,10,1.0,0.9567691291614691
444,23045,23,4.0,3.8388173688744898
445,23056,16,5.0,4.767064810328004
446,23056,16,5.0,4.767064810328004
447,23056,16,5.0,4.767064810328004
448,23056,16,5.0,4.767064810328004
449,20,13,5.0,4.839820192545663
450,515,16,2.0,1.906825944993646
451,624,11,1.0,0.9646622786401926
452,862,13,4.0,3.871856211846816
453,1347,10,5.0,1.9282081651218808
454,1581,10,1.0,0.9567691291614691
455,2446,27,5.0,4.868847634544654
456,2684,17,1.0,0.9584839487145527
457,2727,10,4.0,3.8270765166458762
458,3059,6,2.0,1.9064374837128688
459,3115,34,5.0,4.923803310971509
460,3115,34,5.0,4.923803310971509
461,3115,34,5.0,4.923803310971509
462,3115,34,5.0,4.923803310971509
463,3716,59,5.0,4.934237245209108
464,3716,59,5.0,4.934237245209108
465,3716,59,5.0,4.934237245209108
466,3716,59,5.0,4.934237245209108
467,3881,6,5.0,4.76609383943388
468,4902,21,5.0,4.786528823204144
469,4940,3,5.0,4.776822744139901
470,5035,16,5.0,4.767064810328004
471,6464,11,3.0,2.8939868787565723
472,6464,11,3.0,2.8939868787565723
473,6464,11,3.0,2.8939868787565723
474,6464,11,3.0,2.8939868787565723
475,6805,10,1.0,0.22402363067807834
476,6805,10,1.0,0.22402363067807834
477,6805,10,1.0,0.22402363067807834
478,6805,10,1.0,0.22402363067807834
479,7707,14,1.0,0.9535966588786745
480,8403,4,5.0,4.810728891449476
481,8403,4,5.0,4.810728891449476
482,8403,4,5.0,4.810728891449476
483,8403,4,5.0,4.810728891449476
484,8551,10,2.0,1.9135382583229381
485,8958,1,4.0,3.9369442069993834
486,9051,4,2.0,1.924291567996868
487,9820,11,3.0,2.8939868787565723
488,10481,4,5.0,4.810728891449476
489,10774,23,1.0,0.9597043422186224
490,11532,5,3.0,2.8799363010306935
491,11667,4,4.0,3.848583135993736
492,12043,16,4.0,3.813651889987292
493,12577,4,1.0,0.962145783998434
494,12727,10,4.0,3.8270765166458762
495,12727,10,4.0,3.8270765166458762
496,12727,10,4.0,3.8270765166458762
497,12727,10,4.0,3.8270765166458762
498,13082,37,1.0,0.9615615967294313
499,14889,10,5.0,4.783845700531824
500,14889,10,5.0,4.783845700531824
501,14889,10,5.0,4.783845700531824
502,14889,10,5.0,4.783845700531824
503,14889,10,5.0,4.783845700531824
504,14889,10,5.0,4.783845700531824
505,14889,10,5.0,4.783845700531824
506,14889,10,5.0,4.783845700531824
507,14889,10,5.0,4.783845700531824
508,15359,16,1.0,0.953412972496823
509,15581,16,1.0,0.953412972496823
510,16188,35,1.0,0.9855711697487524
511,16398,29,4.0,3.8864025195447525
512,16730,21,1.0,0.9573057662728316
513,16859,16,1.0,0.953412972496823
514,16899,6,5.0,4.76609383943388
515,17162,3,5.0,4.776822744139901
516,17546,29,5.0,4.858003052225408
517,18261,22,1.0,0.9656353336420921
518,18427,16,1.0,0.953412972496823
519,18623,16,5.0,4.767064810328004
520,19080,17,5.0,4.792419752204565
521,19721,2,2.0,0.3143826937356719
522,20011,16,4.0,3.813651889987292
523,20794,27,4.0,3.8950781715130876
524,20848,21,1.0,0.9573057662728316
525,21053,16,5.0,4.767064810328004
526,21566,7,1.0,0.9666270550357152
527,21588,23,5.0,4.798521784838342
528,21708,3,1.0,0.9553645567223449
529,21779,6,1.0,0.9532187418564344
530,21836,11,2.0,1.9293245572803852
531,21987,4,5.0,4.810728891449476
532,21987,4,5.0,4.810728891449476
533,21987,4,5.0,4.810728891449476
534,21987,4,5.0,4.810728891449476
535,21987,4,5.0,4.810728891449476
536,21987,4,5.0,4.810728891449476
537,21987,4,5.0,4.810728891449476
538,21987,4,5.0,4.810728891449476
539,21987,4,5.0,4.810728891449476
540,22280,5,4.0,3.839915205676259
541,22355,42,5.0,4.911254756856266
542,22355,42,5.0,4.911254756856266
543,22355,42,5.0,4.911254756856266
544,22355,42,5.0,4.911254756856266
545,22355,42,5.0,4.911254756856266
546,22355,42,5.0,4.911254756856266
547,22355,42,5.0,4.911254756856266
548,22355,42,5.0,4.911254756856266
549,22355,42,5.0,4.911254756856266
550,22384,7,5.0,4.833135176812608
551,22629,42,4.0,3.9290038905612006
552,22629,42,4.0,3.9290038905612006
553,22629,42,4.0,3.9290038905612006
554,22629,42,4.0,3.9290038905612006
555,22629,42,4.0,3.9290038905612006
556,22629,42,4.0,3.9290038905612006
557,22629,42,4.0,3.9290038905612006
558,22629,42,4.0,3.9290038905612006
559,22629,42,4.0,3.9290038905612006
560,22744,31,5.0,4.795969131566987
561,22744,31,5.0,4.795969131566987
562,22744,31,5.0,4.795969131566987
563,22744,31,5.0,4.795969131566987
564,22801,2,4.0,3.8596786671750154
565,22908,11,1.0,0.9646622786401926
566,23041,16,5.0,4.767064810328004
567,23062,23,4.0,3.8388173688744898
568,463,37,5.0,4.807807859360483
569,708,14,5.0,4.7679833660148905
570,1101,17,3.0,2.8754519589043075
571,1394,44,5.0,4.919235616638597
572,1402,14,3.0,2.86078990906661
573,1915,19,2.0,1.9592681816618671
574,2359,11,5.0,4.823311402905428
575,2496,44,4.0,4.919235616638597
576,2935,3,5.0,4.776822744139901
577,3324,10,4.0,3.8270765166458762
578,3625,11,5.0,4.823311402905428
579,3998,6,4.0,3.8128749674257376
580,4270,28,5.0,4.896923370162573
581,4293,5,1.0,0.9599788014190648
582,4577,23,5.0,4.798521784838342
583,5289,23,5.0,4.798521784838342
584,5372,22,5.0,4.828176567066574
585,5688,10,5.0,4.783845700531824
586,6056,16,5.0,4.767064810328004
587,6117,21,1.0,0.9573057662728316
588,6363,21,1.0,0.9573057662728316
589,7031,21,5.0,4.786528823204144
590,7214,10,5.0,4.783845700531824
591,7214,10,5.0,4.783845700531824
592,7214,10,5.0,4.783845700531824
593,7214,10,5.0,4.783845700531824
594,7378,22,5.0,2.8272009073971236
595,8080,16,5.0,4.767064810328004
596,8690,4,5.0,4.810728891449476
597,8895,31,1.0,0.9591938264194629
598,9367,3,4.0,3.8214582268893795
599,9708,16,5.0,4.767064810328004
600,10216,4,5.0,4.810728891449476
601,10315,3,4.0,3.8214582268893795
602,10388,10,5.0,4.783845700531824
603,10688,6,4.0,3.8128749674257376
604,10998,22,1.0,0.9656353336420921
605,11463,23,5.0,4.798521784838342
606,11627,31,1.0,0.9591938264194629
607,12299,13,2.0,1.935928105923408
608,12641,23,5.0,4.798521784838342
609,12740,10,3.0,2.8703074892487863
610,13146,10,4.0,3.8270765166458762
611,13636,6,1.0,0.9532187418564344
612,13798,10,5.0,4.783845700531824
613,14393,31,5.0,4.795969131566987
614,15120,4,1.0,0.962145783998434
615,15262,16,4.0,3.813651889987292
616,15452,16,1.0,0.953412972496823
617,15855,5,1.0,0.9599788014190648
618,16038,10,4.0,3.8270765166458762
619,16132,10,1.0,0.9567691291614691
620,16866,10,2.0,1.9135382583229381
621,16866,10,2.0,1.9135382583229381
622,16866,10,2.0,1.9135382583229381
623,16866,10,2.0,1.9135382583229381
624,17052,24,1.0,0.9798613166392577
625,17052,24,1.0,0.9798613166392577
626,17052,24,1.0,0.9798613166392577
627,17052,24,1.0,0.9798613166392577
628,17207,3,5.0,4.776822744139901
629,17444,4,1.0,0.962145783998434
630,17473,23,3.0,2.879113051998507
631,17665,39,1.0,0.9804812587242159
632,17892,6,4.0,3.8128749674257376
633,17892,6,4.0,3.8128749674257376
634,17892,6,4.0,3.8128749674257376
635,17892,6,4.0,3.8128749674257376
636,18521,11,1.0,0.9646622786401926
637,18982,4,5.0,4.810728891449476
638,19335,23,4.0,1.6497298221885583
639,19734,10,1.0,0.9567691291614691
640,19790,22,1.0,0.9656353336420921
641,20013,23,5.0,4.705534597910111
642,20057,23,1.0,0.9597043422186224
643,20214,16,1.0,0.953412972496823
644,20569,3,5.0,4.776822744139901
645,21135,39,5.0,4.902406412524094
646,21701,3,3.0,-0.2643452146105963
647,21701,3,3.0,-0.2643452146105963
648,21701,3,3.0,-0.2643452146105963
649,21701,3,3.0,-0.2643452146105963
650,21707,13,5.0,4.839820192545663
651,21796,16,5.0,4.767064810328004
652,21993,63,5.0,4.943655686002758
653,21993,63,5.0,4.943655686002758
654,21993,63,5.0,4.943655686002758
655,21993,63,5.0,4.943655686002758
656,21993,63,5.0,4.943655686002758
657,21993,63,5.0,4.943655686002758
658,21993,63,5.0,4.943655686002758
659,21993,63,5.0,4.943655686002758
660,21993,63,5.0,4.943655686002758
661,21993,63,5.0,4.943655686002758
662,21993,63,5.0,4.943655686002758
663,21993,63,5.0,4.943655686002758
664,21993,63,5.0,4.943655686002758
665,21993,63,5.0,4.943655686002758
666,21993,63,5.0,4.943655686002758
667,21993,63,5.0,4.943655686002758
668,21993,63,5.0,4.943655686002758
669,21993,63,5.0,4.943655686002758
670,21993,63,5.0,4.943655686002758
671,21993,63,5.0,4.943655686002758
672,21993,63,5.0,4.943655686002758
673,21993,63,5.0,4.943655686002758
674,21993,63,5.0,4.943655686002758
675,21993,63,5.0,4.943655686002758
676,21993,63,5.0,4.943655686002758
677,22156,16,5.0,4.767064810328004
678,22156,16,5.0,4.767064810328004
679,22156,16,5.0,4.767064810328004
680,22156,16,5.0,4.767064810328004
681,22392,48,5.0,4.949050684261174
682,22419,7,5.0,4.833135176812608
683,22443,23,2.0,1.914992950871763
684,22554,16,2.0,1.906825944993646
685,22566,62,5.0,4.9111938517029206
686,22757,17,4.0,3.8339357948582107
687,22858,4,5.0,4.810728891449476
688,22905,5,4.0,3.839915205676259
689,22957,5,3.0,2.8799363010306935
690,23048,16,4.0,3.813651889987292
691,164,21,5.0,4.786528823204144
692,257,10,3.0,2.391922850265912
693,257,10,3.0,2.391922850265912
694,257,10,3.0,2.391922850265912
695,257,10,2.0,2.391922850265912
696,257,10,2.0,2.391922850265912
697,257,10,2.0,2.391922850265912
698,257,10,3.0,2.391922850265912
699,257,10,3.0,2.391922850265912
700,257,10,3.0,2.391922850265912
701,1958,21,5.0,1.1973450652009874
702,2117,10,4.0,3.8270765166458762
703,2126,5,4.0,3.839915205676259
704,2322,3,4.0,3.8214582268893795
705,2374,31,1.0,0.9591938264194629
706,2417,6,4.0,3.8128749674257376
707,2618,23,5.0,4.798521784838342
708,2855,16,1.0,0.953412972496823
709,2855,16,1.0,0.953412972496823
710,2855,16,1.0,0.953412972496823
711,2855,16,1.0,0.953412972496823
712,4210,3,5.0,4.776822744139901
713,4285,8,5.0,4.842145853495196
714,5021,8,5.0,4.842145853495196
715,5247,16,2.0,1.906825944993646
716,5247,16,2.0,1.906825944993646
717,5247,16,2.0,1.906825944993646
718,5247,16,2.0,1.906825944993646
719,5247,16,2.0,1.906825944993646
720,5247,16,2.0,1.906825944993646
721,5247,16,2.0,1.906825944993646
722,5247,16,2.0,1.906825944993646
723,5247,16,2.0,1.906825944993646
724,6135,10,5.0,4.783845700531824
725,6135,10,5.0,4.783845700531824
726,6135,10,5.0,4.783845700531824
727,6135,10,5.0,4.783845700531824
728,6173,4,5.0,4.810728891449476
729,6173,4,5.0,4.810728891449476
730,6173,4,5.0,4.810728891449476
731,6173,4,5.0,4.810728891449476
732,6308,3,5.0,4.776822744139901
733,6596,5,5.0,4.799893951344526
734,6819,22,5.0,0.34049384213943457
735,7420,7,5.0,4.833135176812608
736,7835,10,5.0,4.783845700531824
737,7872,19,5.0,4.898170558757044
738,7876,3,5.0,4.776822744139901
739,8085,14,5.0,-0.692605007094835
740,9742,21,5.0,4.786528823204144
741,9772,31,5.0,4.795969131566987
742,9986,23,5.0,4.798521784838342
743,10055,10,1.0,0.9567691291614691
744,10075,16,5.0,4.767064810328004
745,10075,16,5.0,4.767064810328004
746,10075,16,5.0,4.767064810328004
747,10075,16,5.0,4.767064810328004
748,10592,3,1.0,0.9553645567223449
749,10627,34,5.0,4.923803310971509
750,11121,2,5.0,4.824598322411445
751,11467,2,5.0,4.824598322411445
752,12172,5,5.0,4.799893951344526
753,12949,4,5.0,4.810728891449476
754,13005,10,1.0,0.9567691291614691
755,13773,16,5.0,4.767064810328004
756,13773,16,5.0,4.767064810328004
757,13773,16,5.0,4.767064810328004
758,13773,16,5.0,4.767064810328004
759,13773,16,5.0,4.767064810328004
760,13773,16,5.0,4.767064810328004
761,13773,16,5.0,4.767064810328004
762,13773,16,5.0,4.767064810328004
763,13773,16,5.0,4.767064810328004
764,13784,13,1.0,0.967964052961704
765,13911,16,5.0,4.767064810328004
766,13911,16,5.0,4.767064810328004
767,13911,16,5.0,4.767064810328004
768,13911,16,5.0,4.767064810328004
769,13911,16,5.0,4.767064810328004
770,13911,16,5.0,4.767064810328004
771,13911,16,5.0,4.767064810328004
772,13911,16,5.0,4.767064810328004
773,13911,16,5.0,4.767064810328004
774,13911,16,5.0,4.767064810328004
775,13911,16,5.0,4.767064810328004
776,13911,16,5.0,4.767064810328004
777,13911,16,5.0,4.767064810328004
778,13911,16,5.0,4.767064810328004
779,13911,16,5.0,4.767064810328004
780,13911,16,5.0,4.767064810328004
781,13911,16,5.0,4.767064810328004
782,13911,16,5.0,4.767064810328004
783,13911,16,5.0,4.767064810328004
784,13911,16,5.0,4.767064810328004
785,13911,16,5.0,4.767064810328004
786,13911,16,5.0,4.767064810328004
787,13911,16,5.0,4.767064810328004
788,13911,16,5.0,4.767064810328004
789,13911,16,5.0,4.767064810328004
790,13911,16,5.0,4.767064810328004
791,13911,16,5.0,4.767064810328004
792,13911,16,5.0,4.767064810328004
793,13911,16,5.0,4.767064810328004
794,13911,16,5.0,4.767064810328004
795,13911,16,5.0,4.767064810328004
796,13911,16,5.0,4.767064810328004
797,13911,16,5.0,4.767064810328004
798,13911,16,5.0,4.767064810328004
799,13911,16,5.0,4.767064810328004
800,13911,16,5.0,4.767064810328004
801,14033,10,5.0,4.783845700531824
802,14352,5,5.0,4.799893951344526
803,15673,10,5.0,4.783845700531824
804,15772,27,5.0,4.868847634544654
805,16032,11,1.0,0.9646622786401926
806,16032,11,1.0,0.9646622786401926
807,16032,11,1.0,0.9646622786401926
808,16032,11,1.0,0.9646622786401926
809,16113,10,3.0,2.8703074892487863
810,16133,34,1.0,0.9847606581858925
811,16456,23,5.0,4.798521784838342
812,17289,16,5.0,4.767064810328004
813,17378,23,5.0,4.798521784838342
814,17378,23,5.0,4.798521784838342
815,17378,23,5.0,4.798521784838342
816,17378,23,5.0,4.798521784838342
817,17378,23,5.0,4.798521784838342
818,17378,23,5.0,4.798521784838342
819,17378,23,5.0,4.798521784838342
820,17378,23,5.0,4.798521784838342
821,17378,23,5.0,4.798521784838342
822,18027,28,5.0,4.896923370162573
823,18637,10,5.0,4.783845700531824
824,18818,3,5.0,4.776822744139901
825,18931,16,3.0,2.860238910703601
826,20688,23,4.0,3.8388173688744898
827,20814,23,5.0,4.798521784838342
828,20823,14,5.0,4.7679833660148905
829,20934,31,1.0,0.9591938264194629
830,20976,23,1.0,0.9597043422186224
831,21201,16,5.0,4.767064810328004
832,21617,16,3.0,2.860238910703601
833,21617,16,3.0,2.860238910703601
834,21617,16,3.0,2.860238910703601
835,21617,16,3.0,2.860238910703601
836,21700,3,4.0,3.8214582268893795
837,21861,6,2.0,1.5251500304728505
838,21892,13,5.0,4.839820192545663
839,21892,13,5.0,4.839820192545663
840,21892,13,5.0,4.839820192545663
841,21892,13,5.0,4.839820192545663
842,21892,13,5.0,4.839820192545663
843,21892,13,5.0,4.839820192545663
844,21892,13,5.0,4.839820192545663
845,21892,13,5.0,4.839820192545663
846,21892,13,5.0,4.839820192545663
847,21997,10,4.0,3.8270765166458762
848,21997,10,4.0,3.8270765166458762
849,21997,10,4.0,3.8270765166458762
850,21997,10,4.0,3.8270765166458762
851,22305,16,2.0,1.906825944993646
852,22305,16,2.0,1.906825944993646
853,22305,16,2.0,1.906825944993646
854,22305,16,2.0,1.906825944993646
855,22447,4,3.0,2.88643730098451
856,22481,4,3.0,2.88643730098451
857,22481,4,3.0,2.88643730098451
858,22481,4,3.0,2.88643730098451
859,22481,4,3.0,2.88643730098451
860,22484,7,4.0,3.866508220142861
861,22514,21,4.0,3.8292230650913264
862,22514,21,4.0,3.8292230650913264
863,22514,21,4.0,3.8292230650913264
864,22514,21,4.0,3.8292230650913264
865,22533,6,1.0,0.9532187418564344
866,22583,2,5.0,4.824598322411445
867,22654,23,5.0,4.798521784838342
868,22654,23,5.0,4.798521784838342
869,22654,23,5.0,4.798521784838342
870,22654,23,5.0,4.798521784838342
871,22654,23,5.0,4.798521784838342
872,22654,23,5.0,4.798521784838342
873,22654,23,5.0,4.798521784838342
874,22654,23,5.0,4.798521784838342
875,22654,23,5.0,4.798521784838342
876,22654,23,5.0,4.798521784838342
877,22654,23,5.0,4.798521784838342
878,22654,23,5.0,4.798521784838342
879,22654,23,5.0,4.798521784838342
880,22654,23,5.0,4.798521784838342
881,22654,23,5.0,4.798521784838342
882,22654,23,5.0,4.798521784838342
883,22654,23,5.0,4.798521784838342
884,22654,23,5.0,4.798521784838342
885,22654,23,5.0,4.798521784838342
886,22654,23,5.0,4.798521784838342
887,22654,23,5.0,4.798521784838342
888,22654,23,5.0,4.798521784838342
889,22654,23,5.0,4.798521784838342
890,22654,23,5.0,4.798521784838342
891,22654,23,5.0,4.798521784838342
892,22654,23,5.0,4.798521784838342
893,22654,23,5.0,4.798521784838342
894,22654,23,5.0,4.798521784838342
895,22654,23,5.0,4.798521784838342
896,22654,23,5.0,4.798521784838342
897,22654,23,5.0,4.798521784838342
898,22654,23,5.0,4.798521784838342
899,22654,23,5.0,4.798521784838342
900,22654,23,5.0,4.798521784838342
901,22654,23,5.0,4.798521784838342
902,22654,23,5.0,4.798521784838342
903,22743,28,1.0,0.9793846775427457
904,22814,69,3.0,2.921995195407825
905,22890,23,5.0,4.798521784838342
906,22892,15,5.0,4.8769079248567575
907,22942,3,1.0,0.9553645567223449
908,162,10,5.0,-0.4869111363614479
909,1051,31,5.0,4.795969131566987
910,1160,2,5.0,4.824598322411445
911,1185,5,3.0,2.8799363010306935
912,1792,10,5.0,4.783845700531824
913,1920,20,5.0,4.926714120581894
914,2111,5,5.0,4.799893951344526
915,2815,31,5.0,4.795969131566987
916,2924,16,5.0,4.767064810328004
917,3091,23,1.0,0.9597043422186224
918,3184,22,5.0,4.828176567066574
919,3443,5,1.0,0.9599788014190648
920,3525,23,1.0,0.9597043422186224
921,3662,2,4.0,3.8596786671750154
922,3672,16,3.0,2.860238910703601
923,3887,15,4.0,3.9015263608651054
924,4251,25,4.0,3.9425125705933075
925,4306,16,4.0,2.097508545287157
926,5689,5,5.0,4.799893951344526
927,6054,6,1.0,0.9532187418564344
928,6054,6,1.0,0.9532187418564344
929,6054,6,1.0,0.9532187418564344
930,6054,6,1.0,0.9532187418564344
931,6238,2,1.0,0.9649196667937538
932,6332,4,5.0,4.810728891449476
933,6430,10,5.0,4.783845700531824
934,6960,4,4.0,3.848583135993736
935,7132,10,1.0,0.9567691291614691
936,7531,5,1.0,0.9599788014190648
937,7545,11,5.0,4.823311402905428
938,7706,16,5.0,4.767064810328004
939,7786,10,5.0,4.783845700531824
940,7879,21,5.0,4.786528823204144
941,8443,27,1.0,0.9737695428782719
942,8971,27,5.0,4.868847634544654
943,9235,3,5.0,4.776822744139901
944,9235,3,5.0,4.776822744139901
945,9235,3,5.0,4.776822744139901
946,9235,3,5.0,4.776822744139901
947,9583,43,1.0,0.9893993549135734
948,9920,4,1.0,0.962145783998434
949,9920,4,1.0,0.962145783998434
950,9920,4,1.0,0.962145783998434
951,9920,4,1.0,0.962145783998434
952,10316,10,4.0,3.8270765166458762
953,10542,6,5.0,4.76609383943388
954,12185,3,4.0,3.8214582268893795
955,12294,16,5.0,4.767064810328004
956,12534,4,3.0,2.88643730098451
957,12849,17,5.0,4.792419752204565
958,13924,10,4.0,3.8270765166458762
959,14545,37,5.0,4.807807859360483
960,15657,23,5.0,4.798521784838342
961,15732,16,3.0,2.860238910703601
962,15918,10,1.0,0.9567691291614691
963,15918,10,1.0,0.9567691291614691
964,15918,10,1.0,0.9567691291614691
965,15918,10,1.0,0.9567691291614691
966,16551,3,5.0,4.776822744139901
967,16694,10,4.0,3.8270765166458762
968,16934,6,3.0,2.859656294906507
969,16934,6,3.0,2.859656294906507
970,16934,6,3.0,2.859656294906507
971,16934,6,3.0,2.859656294906507
972,17111,39,5.0,4.883279994087979
973,17231,5,5.0,4.799893951344526
974,17463,29,5.0,4.858003052225408
975,18414,16,3.0,2.715669894805641
976,18439,17,4.0,3.8339357948582107
977,19284,16,1.0,0.953412972496823
978,19284,16,1.0,0.953412972496823
979,19284,16,1.0,0.953412972496823
980,19284,16,1.0,0.953412972496823
981,19435,5,5.0,4.799893951344526
982,20913,29,5.0,4.858003052225408
983,21246,50,5.0,4.90764757801197
984,21516,54,3.0,2.949997736253823
985,21733,27,5.0,4.868847634544654
986,21900,4,1.0,1.7318623898646177
987,21988,16,4.0,4.767064810328004
988,21988,16,4.0,4.767064810328004
989,21988,16,4.0,4.767064810328004
990,21988,16,4.0,4.767064810328004
991,21988,16,5.0,4.767064810328004
992,21988,16,5.0,4.767064810328004
993,21988,16,5.0,4.767064810328004
994,21988,16,5.0,4.767064810328004
995,21988,16,4.0,4.767064810328004
996,21988,16,4.0,4.767064810328004
997,21988,16,4.0,4.767064810328004
998,21988,16,4.0,4.767064810328004
999,21988,16,4.0,4.767064810328004
1000,21988,16,4.0,4.767064810328004
1001,21988,16,4.0,4.767064810328004
1002,21988,16,4.0,4.767064810328004
1003,22034,6,1.0,0.9532187418564344
1004,22057,13,5.0,4.839820192545663
1005,22057,13,5.0,4.839820192545663
1006,22057,13,5.0,4.839820192545663
1007,22057,13,5.0,4.839820192545663
1008,22189,13,5.0,4.839820192545663
1009,22189,13,5.0,4.839820192545663
1010,22189,13,5.0,4.839820192545663
1011,22189,13,5.0,4.839820192545663
1012,22300,16,5.0,4.767064810328004
1013,22300,16,5.0,4.767064810328004
1014,22300,16,5.0,4.767064810328004
1015,22300,16,5.0,4.767064810328004
1016,22535,23,1.0,0.9597043422186224
1017,22565,3,5.0,4.776822744139901
1018,22571,23,3.0,2.879113051998507
1019,22571,23,3.0,2.879113051998507
1020,22571,23,3.0,2.879113051998507
1021,22571,23,3.0,2.879113051998507
1022,22729,3,4.0,3.8214582268893795
1023,22854,48,5.0,4.949050684261174
1024,22854,48,5.0,4.949050684261174
1025,22854,48,5.0,4.949050684261174
1026,22854,48,5.0,4.949050684261174
1027,22897,5,5.0,4.799893951344526
1028,23016,8,5.0,4.842145853495196
1029,23016,8,5.0,4.842145853495196
1030,23016,8,5.0,4.842145853495196
1031,23016,8,5.0,4.842145853495196
1032,139,16,1.0,0.953412972496823
1033,189,8,4.0,3.873716478820427
1034,381,16,5.0,4.767064810328004
1035,542,3,1.0,0.9553645567223449
1036,542,3,1.0,0.9553645567223449
1037,542,3,1.0,0.9553645567223449
1038,542,3,1.0,0.9553645567223449
1039,542,3,1.0,0.9553645567223449
1040,542,3,1.0,0.9553645567223449
1041,542,3,1.0,0.9553645567223449
1042,542,3,1.0,0.9553645567223449
1043,542,3,1.0,0.9553645567223449
1044,800,3,4.0,3.8214582268893795
1045,1196,3,5.0,4.776822744139901
1046,1196,3,5.0,4.776822744139901
1047,1196,3,5.0,4.776822744139901
1048,1196,3,5.0,4.776822744139901
1049,3123,10,2.0,1.9135382583229381
1050,3182,3,5.0,4.776822744139901
1051,3335,22,5.0,4.828176567066574
1052,3719,10,5.0,0.9567691291614691
1053,3737,16,4.0,3.813651889987292
1054,3824,37,3.0,2.8846847518284378
1055,3897,22,1.0,0.9656353336420921
1056,3897,22,1.0,0.9656353336420921
1057,3897,22,1.0,0.9656353336420921
1058,3897,22,1.0,0.9656353336420921
1059,3897,22,1.0,0.9656353336420921
1060,3897,22,1.0,0.9656353336420921
1061,3897,22,1.0,0.9656353336420921
1062,3897,22,1.0,0.9656353336420921
1063,3897,22,1.0,0.9656353336420921
1064,3897,22,1.0,0.9656353336420921
1065,3897,22,1.0,0.9656353336420921
1066,3897,22,1.0,0.9656353336420921
1067,3897,22,1.0,0.9656353336420921
1068,3897,22,1.0,0.9656353336420921
1069,3897,22,1.0,0.9656353336420921
1070,3897,22,1.0,0.9656353336420921
1071,3897,22,1.0,0.9656353336420921
1072,3897,22,1.0,0.9656353336420921
1073,3897,22,1.0,0.9656353336420921
1074,3897,22,1.0,0.9656353336420921
1075,3897,22,1.0,0.9656353336420921
1076,3897,22,1.0,0.9656353336420921
1077,3897,22,1.0,0.9656353336420921
1078,3897,22,1.0,0.9656353336420921
1079,3897,22,1.0,0.9656353336420921
1080,3911,16,1.0,0.953412972496823
1081,4223,8,2.0,1.9368582394102134
1082,4569,10,5.0,4.783845700531824
1083,4569,10,5.0,4.783845700531824
1084,4569,10,5.0,4.783845700531824
1085,4569,10,5.0,4.783845700531824
1086,4647,4,4.0,3.848583135993736
1087,4816,31,5.0,4.795969131566987
1088,4873,10,5.0,4.783845700531824
1089,5224,7,5.0,4.833135176812608
1090,5278,5,5.0,4.799893951344526
1091,5457,10,5.0,4.783845700531824
1092,6113,14,5.0,4.7679833660148905
1093,6595,16,4.0,3.813651889987292
1094,7263,16,5.0,4.767064810328004
1095,7276,3,5.0,4.776822744139901
1096,7711,16,2.0,1.906825944993646
1097,8102,29,4.0,3.8864025195447525
1098,8979,4,3.0,2.88643730098451
1099,9012,23,5.0,4.798521784838342
1100,9397,16,5.0,4.767064810328004
1101,9397,16,5.0,4.767064810328004
1102,9397,16,5.0,4.767064810328004
1103,9397,16,5.0,4.767064810328004
1104,9399,16,1.0,0.953412972496823
1105,9472,27,5.0,4.868847634544654
1106,10309,8,5.0,4.842145853495196
1107,10371,16,5.0,4.767064810328004
1108,10450,17,1.0,0.9584839487145527
1109,10467,10,5.0,4.783845700531824
1110,10801,8,1.0,0.9684291197051067
1111,11582,11,4.0,3.8586491145607704
1112,12147,16,5.0,4.767064810328004
1113,13009,22,5.0,4.828176567066574
1114,13038,5,1.0,0.9599788014190648
1115,13765,16,5.0,4.767064810328004
1116,15153,6,1.0,0.9532187418564344
1117,16229,4,5.0,4.810728891449476
1118,16664,11,3.0,2.8939868787565723
1119,16813,16,5.0,4.767064810328004
1120,16813,16,5.0,4.767064810328004
1121,16813,16,5.0,4.767064810328004
1122,16813,16,5.0,4.767064810328004
1123,16868,29,4.0,3.8864025195447525
1124,16871,16,5.0,4.767064810328004
1125,17034,31,5.0,4.795969131566987
1126,17645,16,3.0,2.860238910703601
1127,17814,23,5.0,4.798521784838342
1128,18814,3,4.0,3.8214582268893795
1129,19081,14,4.0,3.814386635514698
1130,19081,14,4.0,3.814386635514698
1131,19081,14,4.0,3.814386635514698
1132,19081,14,4.0,3.814386635514698
1133,19620,7,5.0,4.833135176812608
1134,20511,22,1.0,0.9656353336420921
1135,21631,10,1.0,2.0502196013843186
1136,21631,10,1.0,2.0502196013843186
1137,21631,10,1.0,2.0502196013843186
1138,21631,10,5.0,2.0502196013843186
1139,21631,10,5.0,2.0502196013843186
1140,21631,10,5.0,2.0502196013843186
1141,21631,10,5.0,2.0502196013843186
1142,21631,10,5.0,2.0502196013843186
1143,21631,10,5.0,2.0502196013843186
1144,22121,56,1.0,0.9602914506235047
1145,22155,54,5.0,4.940393054426192
1146,22297,50,4.0,3.9261181295458116
1147,22297,50,4.0,3.9261181295458116
1148,22297,50,4.0,3.9261181295458116
1149,22297,50,4.0,3.9261181295458116
1150,22297,50,4.0,3.9261181295458116
1151,22297,50,4.0,3.9261181295458116
1152,22297,50,4.0,3.9261181295458116
1153,22297,50,4.0,3.9261181295458116
1154,22297,50,4.0,3.9261181295458116
1155,22453,2,5.0,4.824598322411445
1156,22453,2,5.0,4.824598322411445
1157,22453,2,5.0,4.824598322411445
1158,22453,2,5.0,4.824598322411445
1159,22453,2,5.0,4.824598322411445
1160,22453,2,5.0,4.824598322411445
1161,22453,2,5.0,4.824598322411445
1162,22453,2,5.0,4.824598322411445
1163,22453,2,5.0,4.824598322411445
1164,22480,17,5.0,4.792419752204565
1165,22480,17,5.0,4.792419752204565
1166,22480,17,5.0,4.792419752204565
1167,22480,17,5.0,4.792419752204565
1168,22534,23,2.0,1.9194086844372449
1169,22676,23,5.0,4.798521784838342
1170,22739,2,5.0,4.824598322411445
1171,22907,36,1.0,0.662231587631416
1172,846,16,5.0,4.767064810328004
1173,856,12,5.0,4.880130079838185
1174,1093,29,1.0,0.9716006298861881
1175,1696,10,5.0,3.508153491319797
1176,2208,10,2.0,1.9135382583229381
1177,2233,25,5.0,4.928140821211436
1178,2233,25,5.0,4.928140821211436
1179,2233,25,5.0,4.928140821211436
1180,2233,25,5.0,4.928140821211436
1181,2233,25,5.0,4.928140821211436
1182,2233,25,5.0,4.928140821211436
1183,2233,25,5.0,4.928140821211436
1184,2233,25,5.0,4.928140821211436
1185,2233,25,5.0,4.928140821211436
1186,2376,16,5.0,4.767064810328004
1187,2652,14,5.0,4.7679833660148905
1188,2652,14,5.0,4.7679833660148905
1189,2652,14,5.0,4.7679833660148905
1190,2652,14,5.0,4.7679833660148905
1191,2652,14,5.0,4.7679833660148905
1192,2652,14,5.0,4.7679833660148905
1193,2652,14,5.0,4.7679833660148905
1194,2652,14,5.0,4.7679833660148905
1195,2652,14,5.0,4.7679833660148905
1196,3102,6,5.0,4.76609383943388
1197,3356,2,5.0,4.824598322411445
1198,3722,0,5.0,4.907741922811329
1199,3899,7,5.0,4.740103945213766
1200,4046,10,3.0,0.8943597458411015
1201,4142,16,5.0,1.789298297866281
1202,4658,16,4.0,3.813651889987292
1203,4880,2,5.0,4.824598322411445
1204,4880,2,5.0,4.824598322411445
1205,4880,2,5.0,4.824598322411445
1206,4880,2,5.0,4.824598322411445
1207,5032,16,5.0,4.767064810328004
1208,5148,16,1.0,2.264887243472094
1209,5323,21,2.0,1.9146115325456632
1210,6174,24,4.0,3.9194452665570307
1211,6207,7,1.0,0.9666270550357152
1212,7891,31,5.0,4.795969131566987
1213,8237,7,1.0,0.9666270550357152
1214,8568,10,1.0,0.9567691291614691
1215,8568,10,1.0,0.9567691291614691
1216,8568,10,1.0,0.9567691291614691
1217,8568,10,1.0,0.9567691291614691
1218,9468,62,1.0,0.9822387880881147
1219,9478,4,1.0,0.962145783998434
1220,9478,4,1.0,0.962145783998434
1221,9478,4,1.0,0.962145783998434
1222,9478,4,1.0,0.962145783998434
1223,9652,50,1.0,-0.3511826695959556
1224,10085,17,4.0,3.8339357948582107
1225,10365,11,5.0,4.823311402905428
1226,10365,11,5.0,4.823311402905428
1227,10365,11,5.0,4.823311402905428
1228,10365,11,5.0,4.823311402905428
1229,10365,11,5.0,4.823311402905428
1230,10365,11,5.0,4.823311402905428
1231,10365,11,5.0,4.823311402905428
1232,10365,11,5.0,4.823311402905428
1233,10365,11,5.0,4.823311402905428
1234,10946,10,4.0,3.8270765166458762
1235,11178,16,3.0,2.860238910703601
1236,11274,4,5.0,4.810728891449476
1237,11418,14,5.0,4.7679833660148905
1238,11712,10,4.0,3.8270765166458762
1239,11773,5,5.0,4.799893951344526
1240,12008,16,4.0,-0.4889168960123844
1241,12810,16,4.0,3.813651889987292
1242,13156,4,3.0,1.091293641475899
1243,13721,23,5.0,4.798521784838342
1244,14012,22,2.0,1.9312706672841842
1245,14012,22,2.0,1.9312706672841842
1246,14012,22,2.0,1.9312706672841842
1247,14012,22,2.0,1.9312706672841842
1248,14389,19,2.0,0.8755156253747576
1249,15683,3,4.0,3.8214582268893795
1250,15809,17,1.0,0.9584839487145527
1251,16012,2,5.0,4.824598322411445
1252,16040,16,1.0,0.953412972496823
1253,16040,16,1.0,0.953412972496823
1254,16040,16,1.0,0.953412972496823
1255,16040,16,1.0,0.953412972496823
1256,16040,16,1.0,0.953412972496823
1257,16040,16,1.0,0.953412972496823
1258,16040,16,1.0,0.953412972496823
1259,16040,16,1.0,0.953412972496823
1260,16040,16,1.0,0.953412972496823
1261,16545,17,3.0,2.8754519589043075
1262,16683,23,5.0,4.798521784838342
1263,17108,16,1.0,0.953412972496823
1264,18141,21,1.0,0.9573057662728316
1265,18147,21,1.0,0.9573057662728316
1266,19327,21,1.0,0.9573057662728316
1267,19505,27,1.0,0.9737695428782719
1268,19638,16,1.0,0.953412972496823
1269,21034,4,1.0,0.962145783998434
1270,21234,4,5.0,4.810728891449476
1271,21281,17,5.0,4.792419752204565
1272,21281,17,5.0,4.792419752204565
1273,21281,17,5.0,4.792419752204565
1274,21281,17,5.0,4.792419752204565
1275,21281,17,5.0,4.792419752204565
1276,21281,17,5.0,4.792419752204565
1277,21281,17,5.0,4.792419752204565
1278,21281,17,5.0,4.792419752204565
1279,21281,17,5.0,4.792419752204565
1280,21332,14,1.0,0.9286798678840604
1281,21611,1,4.0,3.9369442069993834
1282,21862,6,2.0,1.9064374837128688
1283,21862,6,2.0,1.9064374837128688
1284,21862,6,2.0,1.9064374837128688
1285,21862,6,2.0,1.9064374837128688
1286,21876,6,3.0,0.9532187418564344
1287,21915,31,1.0,0.9591938264194629
1288,22002,16,1.0,0.953412972496823
1289,22151,17,3.0,2.8754519589043075
1290,22155,5,5.0,4.380363130671032
1291,22288,4,5.0,4.810728891449476
1292,22288,4,5.0,4.810728891449476
1293,22288,4,5.0,4.810728891449476
1294,22288,4,5.0,4.810728891449476
1295,22288,4,5.0,4.810728891449476
1296,22288,4,5.0,4.810728891449476
1297,22288,4,5.0,4.810728891449476
1298,22288,4,5.0,4.810728891449476
1299,22288,4,5.0,4.810728891449476
1300,22336,10,1.0,0.014999757150440024
1301,22358,8,3.0,2.905287490055458
1302,22451,3,4.0,3.8214582268893795
1303,22451,3,4.0,3.8214582268893795
1304,22451,3,4.0,3.8214582268893795
1305,22451,3,4.0,3.8214582268893795
1306,22585,7,5.0,4.833135176812608
1307,22672,16,4.0,3.813651889987292
1308,22687,31,3.0,2.877581469431826
1309,22848,10,4.0,3.8270765166458762
1310,22848,10,4.0,3.8270765166458762
1311,22848,10,4.0,3.8270765166458762
1312,22848,10,4.0,3.8270765166458762
1313,22912,16,5.0,4.6319086330774475
1314,22992,10,1.0,0.9567691291614691
1315,798,23,5.0,4.798521784838342
1316,1115,10,4.0,3.8270765166458762
1317,1530,5,5.0,4.799893951344526
1318,2640,3,1.0,0.9553645567223449
1319,2859,16,5.0,4.767064810328004
1320,3169,2,5.0,4.824598322411445
1321,3663,8,5.0,4.842145853495196
1322,3931,10,5.0,4.783845700531824
1323,4481,34,5.0,4.923803310971509
1324,5733,16,1.0,0.953412972496823
1325,6024,31,5.0,4.795969131566987
1326,6156,27,1.0,0.9737695428782719
1327,6281,2,5.0,4.824598322411445
1328,7186,51,5.0,4.937739548677533
1329,7186,51,5.0,4.937739548677533
1330,7186,51,5.0,4.937739548677533
1331,7186,51,5.0,4.937739548677533
1332,7186,51,5.0,4.937739548677533
1333,7186,51,5.0,4.937739548677533
1334,7186,51,5.0,4.937739548677533
1335,7186,51,5.0,4.937739548677533
1336,7186,51,5.0,4.937739548677533
1337,7186,51,5.0,4.937739548677533
1338,7186,51,5.0,4.937739548677533
1339,7186,51,5.0,4.937739548677533
1340,7186,51,5.0,4.937739548677533
1341,7186,51,5.0,4.937739548677533
1342,7186,51,5.0,4.937739548677533
1343,7186,51,5.0,4.937739548677533
1344,7232,33,5.0,4.938677552151016
1345,7327,10,1.0,0.3856416479667192
1346,7581,16,4.0,3.813651889987292
1347,7763,4,4.0,3.848583135993736
1348,8279,24,5.0,4.899306500856045
1349,8279,24,5.0,4.899306500856045
1350,8279,24,5.0,4.899306500856045
1351,8279,24,5.0,4.899306500856045
1352,8402,3,4.0,3.8214582268893795
1353,8850,31,1.0,0.9591938264194629
1354,8943,16,5.0,4.767064810328004
1355,9325,6,5.0,4.76609383943388
1356,9481,6,5.0,4.76609383943388
1357,10048,17,1.0,0.9584839487145527
1358,10257,4,5.0,4.810728891449476
1359,10483,16,1.0,0.953412972496823
1360,11163,10,5.0,4.783845700531824
1361,11568,11,2.0,1.9293245572803852
1362,11784,27,1.0,0.9737695428782719
1363,11827,10,3.0,2.8703074892487863
1364,12010,17,4.0,3.8339357948582107
1365,12629,4,1.0,0.962145783998434
1366,12845,4,4.0,3.848583135993736
1367,13831,42,5.0,4.911254756856266
1368,14737,50,3.0,2.9445885928444913
1369,14927,4,5.0,4.810728891449476
1370,14927,4,5.0,4.810728891449476
1371,14927,4,5.0,4.810728891449476
1372,14927,4,5.0,4.810728891449476
1373,14965,50,5.0,4.90764757801197
1374,15641,4,1.0,0.02255745231063866
1375,16271,10,4.0,3.8270765166458762
1376,16433,2,5.0,4.824598322411445
1377,16530,11,1.0,0.9646622786401926
1378,16612,21,1.0,0.9573057662728316
1379,16747,10,5.0,4.783845700531824
1380,16926,29,1.0,0.9716006298861881
1381,17252,23,4.0,3.8388173688744898
1382,17397,6,2.0,1.9064374837128688
1383,19792,27,1.0,-0.2935963659555551
1384,19866,13,5.0,4.839820192545663
1385,19897,2,5.0,4.824598322411445
1386,20283,10,4.0,3.8270765166458762
1387,20401,4,2.0,1.924291567996868
1388,20467,14,1.0,0.9535966588786745
1389,20603,10,3.0,2.8703074892487863
1390,20759,10,5.0,4.783845700531824
1391,20825,10,4.0,3.8270765166458762
1392,21174,3,1.0,0.9553645567223449
1393,21174,3,1.0,0.9553645567223449
1394,21174,3,1.0,0.9553645567223449
1395,21174,3,1.0,0.9553645567223449
1396,21436,23,5.0,4.798521784838342
1397,21607,30,3.0,2.939202832679622
1398,21644,23,2.0,1.9194086844372449
1399,21644,23,2.0,1.9194086844372449
1400,21644,23,2.0,1.9194086844372449
1401,21644,23,2.0,1.9194086844372449
1402,21675,24,2.0,1.9597226332785154
1403,21768,13,3.0,2.903892151284138
1404,21770,63,5.0,4.943655686002758
1405,21770,63,5.0,4.943655686002758
1406,21770,63,5.0,4.943655686002758
1407,21770,63,5.0,4.943655686002758
1408,21878,3,3.0,2.866093705528183
1409,21893,42,5.0,4.911254756856266
1410,22161,10,5.0,4.783845700531824
1411,22197,4,5.0,4.810728891449476
1412,22304,7,1.0,0.1908653889705494
1413,22349,42,5.0,4.911254756856266
1414,22373,10,4.0,3.8270765166458762
1415,22373,10,4.0,3.8270765166458762
1416,22373,10,4.0,3.8270765166458762
1417,22373,10,4.0,3.8270765166458762
1418,22454,23,3.0,2.7064091833648223
1419,22454,23,3.0,2.7064091833648223
1420,22454,23,3.0,2.7064091833648223
1421,22454,23,3.0,2.7064091833648223
1422,22506,23,2.0,1.9194086844372449
1423,22506,23,2.0,1.9194086844372449
1424,22506,23,2.0,1.9194086844372449
1425,22506,23,2.0,1.9194086844372449
1426,22523,4,5.0,4.810728891449476
1427,22523,4,5.0,4.810728891449476
1428,22523,4,5.0,4.810728891449476
1429,22523,4,5.0,4.810728891449476
1430,22551,16,5.0,4.767064810328004
1431,22649,28,5.0,4.896923370162573
1432,22779,42,5.0,4.911254756856266
1433,22779,42,5.0,4.911254756856266
1434,22779,42,5.0,4.911254756856266
1435,22779,42,5.0,4.911254756856266
1436,22779,42,5.0,4.911254756856266
1437,22779,42,5.0,4.911254756856266
1438,22779,42,5.0,4.911254756856266
1439,22779,42,5.0,4.911254756856266
1440,22779,42,5.0,4.911254756856266
1441,23027,42,5.0,4.911254756856266
1442,67,13,1.0,0.967964052961704
1443,1388,16,5.0,4.767064810328004
1444,1646,14,5.0,4.7679833660148905
1445,1755,23,5.0,4.798521784838342
1446,2501,23,5.0,4.798521784838342
1447,2650,16,2.0,0.953412972496823
1448,2650,16,2.0,0.953412972496823
1449,2650,16,2.0,0.953412972496823
1450,2650,16,2.0,0.953412972496823
1451,3845,7,5.0,4.833135176812608
1452,4327,3,4.0,3.8214582268893795
1453,4575,23,5.0,4.798521784838342
1454,4850,10,4.0,3.8270765166458762
1455,5014,16,5.0,4.767064810328004
1456,5593,37,5.0,4.807807859360483
1457,5772,38,1.0,0.9806716637518711
1458,5781,35,5.0,4.9278559769638655
1459,5844,16,5.0,4.767064810328004
1460,5844,16,5.0,4.767064810328004
1461,5844,16,5.0,4.767064810328004
1462,5844,16,5.0,4.767064810328004
1463,5844,16,5.0,4.767064810328004
1464,5844,16,5.0,4.767064810328004
1465,5844,16,5.0,4.767064810328004
1466,5844,16,5.0,4.767064810328004
1467,5844,16,5.0,4.767064810328004
1468,5844,16,5.0,4.767064810328004
1469,5844,16,5.0,4.767064810328004
1470,5844,16,5.0,4.767064810328004
1471,5844,16,5.0,4.767064810328004
1472,5844,16,5.0,4.767064810328004
1473,5844,16,5.0,4.767064810328004
1474,5844,16,5.0,4.767064810328004
1475,5924,16,3.0,1.073579013752348
1476,7236,4,5.0,0.11278720204808224
1477,7961,21,5.0,4.786528823204144
1478,8138,14,5.0,4.7679833660148905
1479,8473,23,3.0,2.879113051998507
1480,8473,23,3.0,2.879113051998507
1481,8473,23,3.0,2.879113051998507
1482,8473,23,3.0,2.879113051998507
1483,8534,10,1.0,2.8703074892487863
1484,9009,31,5.0,4.795969131566987
1485,9559,17,2.0,1.9169678974291053
1486,10185,13,3.0,2.903892151284138
1487,10223,5,5.0,4.799893951344526
1488,10574,30,4.0,2.0820621106847588
1489,10584,16,4.0,3.813651889987292
1490,10753,5,5.0,4.799893951344526
1491,10953,5,1.0,0.9599788014190648
1492,10953,5,1.0,0.9599788014190648
1493,10953,5,1.0,0.9599788014190648
1494,10953,5,1.0,0.9599788014190648
1495,10987,15,5.0,4.8769079248567575
1496,11616,10,5.0,4.783845700531824
1497,11728,16,5.0,4.767064810328004
1498,11728,16,5.0,4.767064810328004
1499,11728,16,5.0,4.767064810328004
1500,11728,16,5.0,4.767064810328004
1501,11907,11,5.0,4.823311402905428
1502,12013,17,1.0,0.9584839487145527
1503,12271,3,4.0,-0.07693109914659058
1504,14156,14,1.0,0.9535966588786745
1505,14228,10,5.0,4.783845700531824
1506,14228,10,5.0,4.783845700531824
1507,14228,10,5.0,4.783845700531824
1508,14228,10,5.0,4.783845700531824
1509,16298,10,5.0,4.783845700531824
1510,16788,4,5.0,4.810728891449476
1511,17046,16,2.0,1.906825944993646
1512,17824,10,5.0,4.783845700531824
1513,17908,4,4.0,3.848583135993736
1514,17952,10,1.0,0.9567691291614691
1515,18382,8,1.0,0.9684291197051067
1516,19201,29,4.0,3.8864025195447525
1517,19388,6,1.0,0.9532187418564344
1518,19509,31,4.0,3.8367753056778517
1519,19761,17,1.0,0.9584839487145527
1520,19837,23,4.0,3.8388173688744898
1521,20137,3,5.0,4.776822744139901
1522,20258,4,5.0,4.810728891449476
1523,20258,4,5.0,4.810728891449476
1524,20258,4,5.0,4.810728891449476
1525,20258,4,5.0,4.810728891449476
1526,21178,10,5.0,4.783845700531824
1527,21403,31,4.0,3.8367753056778517
1528,21650,16,5.0,4.767064810328004
1529,21663,5,5.0,4.799893951344526
1530,21769,13,4.0,3.8081133166380026
1531,21832,4,5.0,4.810728891449476
1532,22086,4,1.0,0.962145783998434
1533,22194,54,5.0,4.916662935526278
1534,22246,16,5.0,4.767064810328004
1535,22277,5,5.0,4.421309933480245
1536,22336,4,1.0,0.962145783998434
1537,22360,10,1.0,0.9567691291614691
1538,22368,48,5.0,4.949050684261174
1539,22375,37,2.0,1.9231231934588626
1540,22552,22,2.0,1.9312706672841842
1541,22605,31,5.0,4.795969131566987
1542,22790,16,5.0,4.767064810328004
1543,22835,21,5.0,-0.03527543484079976
1544,22835,21,5.0,-0.03527543484079976
1545,22835,21,5.0,-0.03527543484079976
1546,22835,21,5.0,-0.03527543484079976
1547,22846,16,5.0,1.789298297866281
1548,22846,16,5.0,1.789298297866281
1549,22846,16,5.0,1.789298297866281
1550,22846,16,5.0,1.789298297866281
1551,22879,5,1.0,0.9599788014190648
1552,22881,5,4.0,3.839915205676259
1553,22886,4,4.0,3.848583135993736
1554,22917,35,5.0,4.9278559769638655
1555,22998,16,2.0,1.906825944993646
1556,19,4,5.0,4.810728891449476
1557,19,4,5.0,4.810728891449476
1558,19,4,5.0,4.810728891449476
1559,19,4,5.0,4.810728891449476
1560,575,16,5.0,3.813651889987292
1561,899,10,5.0,4.783845700531824
1562,899,10,5.0,4.783845700531824
1563,899,10,5.0,4.783845700531824
1564,899,10,5.0,4.783845700531824
1565,899,10,5.0,4.783845700531824
1566,899,10,5.0,4.783845700531824
1567,899,10,5.0,4.783845700531824
1568,899,10,5.0,4.783845700531824
1569,899,10,5.0,4.783845700531824
1570,991,10,5.0,4.783845700531824
1571,1350,23,5.0,4.798521784838342
1572,1687,8,1.0,0.9684291197051067
1573,2435,16,5.0,4.767064810328004
1574,2554,3,5.0,4.776822744139901
1575,2715,16,3.0,2.860238910703601
1576,2758,29,1.0,0.9716006298861881
1577,2758,29,1.0,0.9716006298861881
1578,2758,29,1.0,0.9716006298861881
1579,2758,29,1.0,0.9716006298861881
1580,2770,3,4.0,-0.1640921776947415
1581,3152,31,5.0,4.795969131566987
1582,3863,4,5.0,4.810728891449476
1583,3928,3,5.0,4.776822744139901
1584,4395,4,1.0,0.962145783998434
1585,4532,31,5.0,4.795969131566987
1586,4584,5,4.0,3.839915205676259
1587,4633,16,5.0,4.767064810328004
1588,4896,31,5.0,4.795969131566987
1589,5590,11,4.0,3.8586491145607704
1590,7106,21,5.0,4.786528823204144
1591,7106,21,5.0,4.786528823204144
1592,7106,21,5.0,4.786528823204144
1593,7106,21,5.0,4.786528823204144
1594,7915,22,4.0,3.8625413345683683
1595,8389,4,5.0,4.810728891449476
1596,8502,11,4.0,3.8586491145607704
1597,8755,16,4.0,3.813651889987292
1598,9237,16,1.0,0.953412972496823
1599,9672,13,5.0,4.839820192545663
1600,10187,22,1.0,0.9656353336420921
1601,10209,10,1.0,0.9567691291614691
1602,11086,23,2.0,1.9194086844372449
1603,11102,5,5.0,4.799893951344526
1604,11380,3,4.0,3.8214582268893795
1605,11417,10,4.0,3.8270765166458762
1606,11986,3,1.0,0.9553645567223449
1607,12101,16,5.0,4.767064810328004
1608,12111,16,3.0,2.860238910703601
1609,12269,4,5.0,4.810728891449476
1610,12375,16,5.0,4.767064810328004
1611,12938,35,1.0,0.9855711697487524
1612,13307,4,1.0,0.962145783998434
1613,13671,10,5.0,4.783845700531824
1614,13901,10,3.0,2.8703074892487863
1615,14245,20,5.0,4.926714120581894
1616,14622,31,1.0,0.9591938264194629
1617,14729,16,1.0,0.953412972496823
1618,14757,8,5.0,4.842145853495196
1619,14757,8,5.0,4.842145853495196
1620,14757,8,5.0,4.842145853495196
1621,14757,8,5.0,4.842145853495196
1622,15005,10,5.0,4.783845700531824
1623,15005,10,5.0,4.783845700531824
1624,15005,10,5.0,4.783845700531824
1625,15005,10,5.0,4.783845700531824
1626,15473,16,3.0,2.860238910703601
1627,15612,3,5.0,4.776822744139901
1628,15659,10,1.0,0.9567691291614691
1629,15887,10,1.0,0.9567691291614691
1630,16009,16,5.0,4.767064810328004
1631,16308,11,4.0,3.8586491145607704
1632,16308,11,4.0,3.8586491145607704
1633,16308,11,4.0,3.8586491145607704
1634,16308,11,4.0,3.8586491145607704
1635,16360,31,2.0,-0.45239660199527576
1636,16631,16,5.0,4.767064810328004
1637,16659,10,1.0,0.9567691291614691
1638,16972,17,1.0,0.9584839487145527
1639,17509,4,4.0,3.848583135993736
1640,17912,5,4.0,3.839915205676259
1641,18319,16,4.0,3.813651889987292
1642,18615,4,5.0,4.810728891449476
1643,18918,23,5.0,4.798521784838342
1644,18918,23,5.0,4.798521784838342
1645,18918,23,5.0,4.798521784838342
1646,18918,23,5.0,4.798521784838342
1647,19147,6,5.0,4.76609383943388
1648,19236,29,1.0,0.9716006298861881
1649,19730,17,2.0,1.9169678974291053
1650,19730,17,2.0,1.9169678974291053
1651,19730,17,2.0,1.9169678974291053
1652,19730,17,2.0,1.9169678974291053
1653,19796,31,5.0,4.795969131566987
1654,19871,22,5.0,4.828176567066574
1655,20275,22,4.0,3.8625413345683683
1656,20595,22,5.0,4.828176567066574
1657,20611,14,3.0,2.86078990906661
1658,20930,27,5.0,4.868847634544654
1659,21168,23,5.0,4.798521784838342
1660,21208,5,1.0,0.9599788014190648
1661,21208,5,1.0,0.9599788014190648
1662,21208,5,1.0,0.9599788014190648
1663,21208,5,1.0,0.9599788014190648
1664,21275,22,4.0,3.8625413345683683
1665,21732,3,1.0,0.9553645567223449
1666,21739,16,4.0,3.482387598739972
1667,21739,16,4.0,3.482387598739972
1668,21739,16,4.0,3.482387598739972
1669,21739,16,4.0,3.482387598739972
1670,21739,16,4.0,3.482387598739972
1671,21739,16,4.0,3.482387598739972
1672,21739,16,4.0,3.482387598739972
1673,21739,16,4.0,3.482387598739972
1674,21739,16,4.0,3.482387598739972
1675,21823,6,4.0,3.8128749674257376
1676,21942,13,1.0,0.967964052961704
1677,21959,10,1.0,0.9567691291614691
1678,22080,61,5.0,4.946675911174032
1679,22080,61,5.0,4.946675911174032
1680,22080,61,5.0,4.946675911174032
1681,22080,61,5.0,4.946675911174032
1682,22080,61,5.0,4.946675911174032
1683,22080,61,5.0,4.946675911174032
1684,22080,61,5.0,4.946675911174032
1685,22080,61,5.0,4.946675911174032
1686,22080,61,5.0,4.946675911174032
1687,22088,13,5.0,4.839820192545663
1688,22088,13,5.0,4.839820192545663
1689,22088,13,5.0,4.839820192545663
1690,22088,13,5.0,4.839820192545663
1691,22112,3,3.0,2.866093705528183
1692,22248,61,3.0,2.9680055005450146
1693,22328,23,1.0,0.9597043422186224
1694,22376,23,5.0,4.798521784838342
1695,22376,23,5.0,4.798521784838342
1696,22376,23,5.0,4.798521784838342
1697,22376,23,5.0,4.798521784838342
1698,22465,60,5.0,4.947556215772309
1699,22465,60,5.0,4.947556215772309
1700,22465,60,5.0,4.947556215772309
1701,22465,60,5.0,4.947556215772309
1702,22500,51,3.0,2.962643765618091
1703,22500,51,3.0,2.962643765618091
1704,22500,51,3.0,2.962643765618091
1705,22500,51,3.0,2.962643765618091
1706,22500,51,3.0,2.962643765618091
1707,22500,51,3.0,2.962643765618091
1708,22500,51,3.0,2.962643765618091
1709,22500,51,3.0,2.962643765618091
1710,22500,51,3.0,2.962643765618091
1711,22552,17,2.0,-0.2979820962616081
1712,22637,48,2.0,1.9796203397911143
1713,22716,23,2.0,1.9194086844372449
1714,22929,16,4.0,3.813651889987292
1715,22965,10,5.0,4.783845700531824
1716,22965,10,5.0,4.783845700531824
1717,22965,10,5.0,4.783845700531824
1718,22965,10,5.0,4.783845700531824
1719,22965,10,5.0,4.783845700531824
1720,22965,10,5.0,4.783845700531824
1721,22965,10,5.0,4.783845700531824
1722,22965,10,5.0,4.783845700531824
1723,22965,10,5.0,4.783845700531824
1724,22973,16,5.0,4.767064810328004
1725,22973,16,5.0,4.767064810328004
1726,22973,16,5.0,4.767064810328004
1727,22973,16,5.0,4.767064810328004
1728,23028,7,1.0,0.1908653889705494
1729,74,4,4.0,3.848583135993736
1730,74,4,4.0,3.848583135993736
1731,74,4,4.0,3.848583135993736
1732,74,4,4.0,3.848583135993736
1733,74,4,4.0,3.848583135993736
1734,74,4,4.0,3.848583135993736
1735,74,4,4.0,3.848583135993736
1736,74,4,4.0,3.848583135993736
1737,74,4,4.0,3.848583135993736
1738,74,4,4.0,3.848583135993736
1739,74,4,4.0,3.848583135993736
1740,74,4,4.0,3.848583135993736
1741,74,4,4.0,3.848583135993736
1742,74,4,4.0,3.848583135993736
1743,74,4,4.0,3.848583135993736
1744,74,4,4.0,3.848583135993736
1745,74,4,4.0,3.848583135993736
1746,74,4,4.0,3.848583135993736
1747,74,4,4.0,3.848583135993736
1748,74,4,4.0,3.848583135993736
1749,74,4,4.0,3.848583135993736
1750,74,4,4.0,3.848583135993736
1751,74,4,4.0,3.848583135993736
1752,74,4,4.0,3.848583135993736
1753,74,4,4.0,3.848583135993736
1754,270,16,5.0,4.767064810328004
1755,573,17,5.0,4.792419752204565
1756,655,5,5.0,4.799893951344526
1757,1033,13,5.0,4.839820192545663
1758,1075,17,3.0,2.8754519589043075
1759,1075,17,3.0,2.8754519589043075
1760,1075,17,3.0,2.8754519589043075
1761,1075,17,3.0,2.8754519589043075
1762,1277,17,4.0,3.8339357948582107
1763,1382,10,5.0,4.783845700531824
1764,1382,10,5.0,4.783845700531824
1765,1382,10,5.0,4.783845700531824
1766,1382,10,5.0,4.783845700531824
1767,1929,3,4.0,1.065781785632455
1768,1929,3,4.0,1.065781785632455
1769,1929,3,5.0,1.065781785632455
1770,1929,3,5.0,1.065781785632455
1771,2545,15,4.0,3.9015263608651054
1772,3731,59,1.0,0.9868474533593427
1773,3910,16,1.0,0.953412972496823
1774,4236,10,2.0,1.9135382583229381
1775,4468,10,5.0,4.783845700531824
1776,4468,10,5.0,4.783845700531824
1777,4468,10,5.0,4.783845700531824
1778,4468,10,5.0,4.783845700531824
1779,4898,4,3.0,2.88643730098451
1780,5202,10,5.0,4.783845700531824
1781,5209,29,5.0,4.858003052225408
1782,6125,23,3.0,2.879113051998507
1783,6233,5,4.0,3.839915205676259
1784,6330,4,5.0,4.810728891449476
1785,6662,2,5.0,4.824598322411445
1786,6664,16,5.0,4.767064810328004
1787,6667,3,4.0,3.8214582268893795
1788,7292,10,5.0,4.783845700531824
1789,7601,7,4.0,3.866508220142861
1790,7601,7,4.0,3.866508220142861
1791,7601,7,4.0,3.866508220142861
1792,7601,7,4.0,3.866508220142861
1793,8249,21,5.0,4.786528823204144
1794,8488,16,3.0,2.860238910703601
1795,8949,1,3.0,2.952708051117375
1796,8949,1,3.0,2.952708051117375
1797,8949,1,3.0,2.952708051117375
1798,8949,1,3.0,2.952708051117375
1799,9268,4,1.0,0.962145783998434
1800,9464,6,5.0,4.76609383943388
1801,9491,27,1.0,0.4575400209273171
1802,10179,23,5.0,4.798521784838342
1803,10930,16,2.0,1.906825944993646
1804,10971,37,1.0,0.9615615967294313
1805,11481,21,5.0,4.786528823204144
1806,11481,21,5.0,4.786528823204144
1807,11481,21,5.0,4.786528823204144
1808,11481,21,5.0,4.786528823204144
1809,11481,21,5.0,4.786528823204144
1810,11481,21,5.0,4.786528823204144
1811,11481,21,5.0,4.786528823204144
1812,11481,21,5.0,4.786528823204144
1813,11481,21,5.0,4.786528823204144
1814,11749,3,1.0,0.9553645567223449
1815,11840,38,5.0,4.903358129361234
1816,12977,21,1.0,0.9573057662728316
1817,13479,3,5.0,4.776822744139901
1818,13613,3,5.0,4.776822744139901
1819,15427,5,1.0,0.9599788014190648
1820,15427,5,1.0,0.9599788014190648
1821,15427,5,1.0,0.9599788014190648
1822,15427,5,1.0,0.9599788014190648
1823,16543,23,1.0,0.9597043422186224
1824,16633,23,5.0,4.798521784838342
1825,16884,22,1.0,0.9656353336420921
1826,17262,10,3.0,2.8703074892487863
1827,18806,10,2.0,1.9135382583229381
1828,18961,17,1.0,0.9584839487145527
1829,18962,22,4.0,3.8625413345683683
1830,18962,22,4.0,3.8625413345683683
1831,18962,22,4.0,3.8625413345683683
1832,18962,22,4.0,3.8625413345683683
1833,18962,22,4.0,3.8625413345683683
1834,18962,22,4.0,3.8625413345683683
1835,18962,22,4.0,3.8625413345683683
1836,18962,22,4.0,3.8625413345683683
1837,18962,22,4.0,3.8625413345683683
1838,18977,21,5.0,4.786528823204144
1839,19986,14,4.0,3.814386635514698
1840,20136,16,1.0,0.953412972496823
1841,21561,11,5.0,4.823311402905428
1842,21587,19,4.0,3.9185363633237342
1843,21734,16,4.0,3.813651889987292
1844,21801,5,1.0,0.9599788014190648
1845,21819,63,5.0,4.943655686002758
1846,21819,63,5.0,4.943655686002758
1847,21819,63,5.0,4.943655686002758
1848,21819,63,5.0,4.943655686002758
1849,21819,63,5.0,4.943655686002758
1850,21819,63,5.0,4.943655686002758
1851,21819,63,5.0,4.943655686002758
1852,21819,63,5.0,4.943655686002758
1853,21819,63,5.0,4.943655686002758
1854,21819,63,5.0,4.943655686002758
1855,21819,63,5.0,4.943655686002758
1856,21819,63,5.0,4.943655686002758
1857,21819,63,5.0,4.943655686002758
1858,21819,63,5.0,4.943655686002758
1859,21819,63,5.0,4.943655686002758
1860,21819,63,5.0,4.943655686002758
1861,21819,63,5.0,4.943655686002758
1862,21819,63,5.0,4.943655686002758
1863,21819,63,5.0,4.943655686002758
1864,21819,63,5.0,4.943655686002758
1865,21819,63,5.0,4.943655686002758
1866,21819,63,5.0,4.943655686002758
1867,21819,63,5.0,4.943655686002758
1868,21819,63,5.0,4.943655686002758
1869,21819,63,5.0,4.943655686002758
1870,22031,27,3.0,2.9213085724191403
1871,22091,13,5.0,4.839820192545663
1872,22199,17,5.0,4.792419752204565
1873,22210,16,3.0,2.7991495258537418
1874,22237,31,4.0,3.8367753056778517
1875,22237,31,4.0,3.8367753056778517
1876,22237,31,4.0,3.8367753056778517
1877,22237,31,4.0,3.8367753056778517
1878,22264,16,5.0,4.767064810328004
1879,22264,16,5.0,4.767064810328004
1880,22264,16,5.0,4.767064810328004
1881,22264,16,5.0,4.767064810328004
1882,22264,16,5.0,4.767064810328004
1883,22264,16,5.0,4.767064810328004
1884,22264,16,5.0,4.767064810328004
1885,22264,16,5.0,4.767064810328004
1886,22264,16,5.0,4.767064810328004
1887,22267,7,5.0,-1.5472078853951723
1888,22290,10,4.0,3.8270765166458762
1889,22302,10,1.0,0.9567691291614691
1890,22364,6,5.0,4.76609383943388
1891,22364,6,5.0,4.76609383943388
1892,22364,6,5.0,4.76609383943388
1893,22364,6,5.0,4.76609383943388
1894,22388,16,5.0,4.762476315173388
1895,22388,10,5.0,4.460369289717116
1896,22464,10,5.0,4.783845700531824
1897,22464,10,5.0,4.783845700531824
1898,22464,10,5.0,4.783845700531824
1899,22464,10,5.0,4.783845700531824
1900,22469,5,5.0,4.799893951344526
1901,22469,5,5.0,4.799893951344526
1902,22469,5,5.0,4.799893951344526
1903,22469,5,5.0,4.799893951344526
1904,22505,5,5.0,4.799893951344526
1905,22536,22,5.0,4.828176567066574
1906,22556,16,1.0,0.953412972496823
1907,22556,16,1.0,0.953412972496823
1908,22556,16,1.0,0.953412972496823
1909,22556,16,1.0,0.953412972496823
1910,22563,31,5.0,4.795969131566987
1911,22570,66,1.0,0.9444953086546983
1912,22579,7,5.0,4.833135176812608
1913,22579,7,5.0,4.833135176812608
1914,22579,7,5.0,4.833135176812608
1915,22579,7,5.0,4.833135176812608
1916,22579,7,5.0,4.833135176812608
1917,22579,7,5.0,4.833135176812608
1918,22579,7,5.0,4.833135176812608
1919,22579,7,5.0,4.833135176812608
1920,22579,7,5.0,4.833135176812608
1921,22602,10,5.0,4.783845700531824
1922,22602,10,5.0,4.783845700531824
1923,22602,10,5.0,4.783845700531824
1924,22602,10,5.0,4.783845700531824
1925,22618,8,5.0,4.842145853495196
1926,22627,3,1.0,0.9553645567223449
1927,22864,30,4.0,3.91893717848501
1928,22864,30,4.0,3.91893717848501
1929,22864,30,4.0,3.91893717848501
1930,22864,30,4.0,3.91893717848501
1931,22928,34,5.0,4.923803310971509
1932,456,21,5.0,4.786528823204144
1933,663,16,5.0,4.767064810328004
1934,960,17,1.0,0.08400640453596497
1935,1189,6,5.0,4.76609383943388
1936,1189,6,5.0,4.76609383943388
1937,1189,6,5.0,4.76609383943388
1938,1189,6,5.0,4.76609383943388
1939,1189,6,5.0,4.76609383943388
1940,1189,6,5.0,4.76609383943388
1941,1189,6,5.0,4.76609383943388
1942,1189,6,5.0,4.76609383943388
1943,1189,6,5.0,4.76609383943388
1944,2131,30,1.0,-0.3152433038312987
1945,2134,13,5.0,4.839820192545663
1946,2241,6,5.0,4.76609383943388
1947,2332,3,5.0,4.776822744139901
1948,2523,4,1.0,0.962145783998434
1949,2523,4,1.0,0.962145783998434
1950,2523,4,1.0,0.962145783998434
1951,2523,4,1.0,0.962145783998434
1952,2665,16,4.0,3.813651889987292
1953,2672,15,5.0,0.0935218273093621
1954,3441,4,5.0,4.810728891449476
1955,3536,23,5.0,4.798521784838342
1956,3793,14,5.0,4.7679833660148905
1957,4253,18,2.0,-0.19347049567129415
1958,4265,14,5.0,4.7679833660148905
1959,4598,7,4.0,3.866508220142861
1960,4971,10,3.0,2.8703074892487863
1961,5180,31,1.0,0.9591938264194629
1962,5290,23,4.0,3.8388173688744898
1963,5484,21,1.0,0.9573057662728316
1964,5807,54,5.0,4.916662935526278
1965,6746,5,5.0,4.799893951344526
1966,6763,10,1.0,0.3856416479667192
1967,6886,3,1.0,0.9553645567223449
1968,7074,7,4.0,3.866508220142861
1969,7383,14,5.0,4.7679833660148905
1970,7479,10,1.0,0.9567691291614691
1971,8460,31,5.0,4.795969131566987
1972,8750,17,5.0,4.792419752204565
1973,9095,16,5.0,4.767064810328004
1974,9095,16,5.0,4.767064810328004
1975,9095,16,5.0,4.767064810328004
1976,9095,16,5.0,4.767064810328004
1977,9942,37,4.0,3.8462463869177252
1978,10007,22,4.0,3.8625413345683683
1979,10247,10,3.0,2.8703074892487863
1980,10409,14,5.0,4.7679833660148905
1981,10642,31,5.0,4.795969131566987
1982,10720,5,3.0,4.799893951344526
1983,10736,23,4.0,3.8388173688744898
1984,11157,2,5.0,4.824598322411445
1985,11522,21,1.0,0.1104807102533506
1986,11539,4,5.0,4.810728891449476
1987,11555,16,5.0,4.767064810328004
1988,11624,3,4.0,3.8214582268893795
1989,12048,23,4.0,3.8388173688744898
1990,12048,23,4.0,3.8388173688744898
1991,12048,23,4.0,3.8388173688744898
1992,12048,23,4.0,3.8388173688744898
1993,12094,31,1.0,0.9591938264194629
1994,12135,22,5.0,4.828176567066574
1995,12157,16,5.0,4.767064810328004
1996,12501,10,1.0,0.9567691291614691
1997,12791,14,1.0,0.9535966588786745
1998,12882,35,4.0,3.9422846789950095
1999,13031,4,5.0,4.810728891449476
2000,13454,29,1.0,0.9716006298861881
2001,14034,7,1.0,0.9666270550357152
2002,14268,31,5.0,4.795969131566987
2003,14286,21,5.0,4.786528823204144
2004,14388,37,5.0,4.807807859360483
2005,14466,17,1.0,0.9584839487145527
2006,14553,16,3.0,2.860238910703601
2007,14611,6,1.0,0.9532187418564344
2008,14855,4,4.0,3.848583135993736
2009,15085,16,1.0,0.953412972496823
2010,15377,10,5.0,4.783845700531824
2011,15384,5,1.0,0.9599788014190648
2012,15391,16,1.0,0.953412972496823
2013,15687,10,5.0,4.783845700531824
2014,15840,23,2.0,1.9194086844372449
2015,16128,31,3.0,2.877581469431826
2016,16201,10,5.0,4.783845700531824
2017,16654,3,3.0,2.866093705528183
2018,16718,45,5.0,4.916598386714462
2019,17860,7,5.0,4.833135176812608
2020,19041,22,2.0,1.9312706672841842
2021,19077,14,4.0,3.814386635514698
2022,19583,2,3.0,2.894759009247085
2023,19984,3,5.0,4.776822744139901
2024,20407,4,3.0,2.88643730098451
2025,20621,0,5.0,4.907741922811329
2026,21084,31,3.0,2.877581469431826
2027,21179,10,5.0,4.783845700531824
2028,21708,13,1.0,-0.7430765874635642
2029,21708,13,1.0,-0.7430765874635642
2030,21708,13,1.0,-0.7430765874635642
2031,21708,13,1.0,-0.7430765874635642
2032,21708,13,1.0,-0.7430765874635642
2033,21708,13,1.0,-0.7430765874635642
2034,21708,13,1.0,-0.7430765874635642
2035,21708,13,1.0,-0.7430765874635642
2036,21708,13,1.0,-0.7430765874635642
2037,21738,13,1.0,0.967964052961704
2038,21859,10,5.0,4.783845700531824
2039,21885,6,1.0,0.9532187418564344
2040,21885,6,1.0,0.9532187418564344
2041,21885,6,1.0,0.9532187418564344
2042,21885,6,1.0,0.9532187418564344
2043,21885,6,1.0,0.9532187418564344
2044,21885,6,1.0,0.9532187418564344
2045,21885,6,1.0,0.9532187418564344
2046,21885,6,1.0,0.9532187418564344
2047,21885,6,1.0,0.9532187418564344
2048,21961,10,1.0,0.9567691291614691
2049,22007,16,4.0,3.813651889987292
2050,22007,16,4.0,3.813651889987292
2051,22007,16,4.0,3.813651889987292
2052,22007,16,4.0,3.813651889987292
2053,22024,47,4.0,3.9590314646872438
2054,22210,13,3.0,0.8547535849374083
2055,22244,23,5.0,4.798521784838342
2056,22244,23,5.0,4.798521784838342
2057,22244,23,5.0,4.798521784838342
2058,22244,23,5.0,4.798521784838342
2059,22244,23,5.0,4.798521784838342
2060,22244,23,5.0,4.798521784838342
2061,22244,23,5.0,4.798521784838342
2062,22244,23,5.0,4.798521784838342
2063,22244,23,5.0,4.798521784838342
2064,22257,10,5.0,4.783845700531824
2065,22454,3,3.0,2.681432293266279
2066,22502,45,1.0,0.9833196566413178
2067,22540,3,3.0,2.866093705528183
2068,22599,6,5.0,4.76609383943388
2069,22613,6,3.0,2.859656294906507
2070,22638,27,5.0,4.868847634544654
2071,22680,13,1.0,0.967964052961704
2072,22680,13,1.0,0.967964052961704
2073,22680,13,1.0,0.967964052961704
2074,22680,13,1.0,0.967964052961704
2075,22736,17,5.0,4.792419752204565
2076,22808,5,5.0,4.799893951344526
2077,22808,5,5.0,4.799893951344526
2078,22808,5,5.0,4.799893951344526
2079,22808,5,5.0,4.799893951344526
2080,22808,5,5.0,4.799893951344526
2081,22808,5,5.0,4.799893951344526
2082,22808,5,5.0,4.799893951344526
2083,22808,5,5.0,4.799893951344526
2084,22808,5,5.0,4.799893951344526
2085,22825,42,5.0,4.911254756856266
2086,22842,3,3.0,2.866093705528183
2087,22948,51,5.0,4.937739548677533
2088,22948,51,5.0,4.937739548677533
2089,22948,51,5.0,4.937739548677533
2090,22948,51,5.0,4.937739548677533
2091,22979,22,5.0,4.828176567066574
